1,1,1507,ハーディーパーティー,"プレシーズンだけど、ジェイデンハーディーが21ptの大活躍。
ドラフト二巡目でこれはマジでやばい。ブランソンが抜けて、マジで精神病んでたけどハーディーのおかげで何とかやっていける。

マブスデビュー戦のクリスチャンウッドも大活躍。
ポストプレイで得点が取れる存在がルカ以外にもいるのはでかい。ルカとのP&Rが早くみたい。",2022-10-08T06:20:40.000000Z,2022-10-08T06:20:40.000000Z

2,1,1519,ルカはやっぱり上手い。ウッドもめっちゃハマりそう。THJ神復帰。,"プレシーズン2戦目。前回はルカ・クリバー・THJなどが欠場したが、今回はベルタン以外ローテメンバーは全員揃っていた。
まず、ディンではなくハーディーがスタメンだったことに驚いた。今日はリングに嫌われ続けたけど、ファンからもチームからも期待されているのが伝わってきた。

そして、やっぱりルカは今季も上手すぎた。1Qから明らかに1人だけレベルが違った。去年はめっちゃ太ってシーズンインしたが、今年はオフシーズンにユーロリーグに参加していたためベストシェイプで登場。健康さえ維持できればマジでMVPあると思う。

THJも念願の復帰。ドフリーのスリーは外しまくるのに、ドリブルからのプルアップスリーは決めるという空気の読めない感じが最高にTHJって感じがした。

ただ今日一番の朗報は上記のいずれでもなくて、クリスチャンウッド大活躍が何よりもマブスファンの期待を膨らませてくれたと思う。申し訳ないけど、ポルジンギスよりも全然ハマっている（まだプレシーズンだけど）。ポルジンギスにはなかった、個での打開力があるのが今のマブスにとっては本当にありがたい。昨年のPOで指摘されたインサイドの貧弱さもマギーとウッドの加入で改善されているようで満足。去年、RSフル出場のパウエルが完全にローテ外になったのは少し残念だが、なんとか奮起してほしい。

あとは、ドードのドライブの回数が増えているような気がした。あまり器用なタイプではないけど、契約金額も大きくなったからディフェンスだけじゃなくて、オフェンスでの役割も増やそうとしているのか？と感じた。

グリーン君も去年に比べるとだいぶ良くなったと思う。今シーズンは結構期待できると感じた。ハンドラーを任せるみたいな話があったけど、それは流石に無理だと感じた。ただ、明らかに去年よりもリムに意識が向いていてオフェンスでの積極性が増したと思う。",2022-10-08T06:35:24.000000Z,2022-10-08T06:35:24.000000Z
3,1,1551,全体的にシュートが不調。THJとルカは良かった,"全体的にシュートが不調だった。ルカのナイスアシストが全然決まらない。
ディンがかなり不調で4Qまで0点だった。ただ、ルカは相変わらずレベチだった。UTAの選手も含めても1人だけ明らかに余裕を持ってプレイしているように見えた。
ウッドはいい選手だが、スクリーンがあまり得意ではないらしい。ルカとのP＆Rを多用するならスクリーンの掛け方は練習してほしい。
THJは2年前のPOを彷彿とさせるような活躍ぶりで、20点得点した。FTは外すのに難易度の高い3ポイントを連続で決めるあたり、本当に調子が戻ってきている感じがした。
グリーン君も色々と言われているが、オフェンススキルは確かに成長しているように感じた。前ならパスの出し先を探していたような場面でも強引にリングへねじ込む姿には、オフの努力が伝わってきて感動した。

残念だったことが二つ。
一つ目はハーディが完全にローテ外になっていたこと。少し前まではスタメン起用かも？みたいな話も出ていたのに気付いたらローテ外。4Qにしかでてこなかったのは本当に残念だった。マブスが優勝するにはハーディがMIPレベルまで成長するのは必要不可欠だと思う。大成時のスケールもハーディの方がグリーンやフランキーよりも絶対に大きい。ハーディをもっと使ってほしい。

もう一つはパウエルが完全にローテ外になっていたこと。去年はRS全試合スタメン出場だった男が、一年でローテ外のガーベッジメンバーに。
POで評価が暴落したパウエルとは対照的に評価を爆上げしたクリバ兄貴や、新加入組のウッドやマギーにプレイタイムを完全に奪われてしまっている。
ベルタンスと合わせるとローテ外のガーベッジ要員に30M弱払っているとか恐ろしすぎる。",2022-10-14T23:13:43.000000Z,2022-10-14T23:13:43.000000Z
4,1,1566,負けるまでの流れは酷かったけど、初戦としては悪くない？,"結果から言うと、前半終了時点で20点近くあった点差を溶かしての敗北だから、負け方としては酷かったと思う。
まぁ、点差を溶かすのはマブスの十八番だから別に驚きはしなかった。

酷い負け方をしてもポジれるのは、目立っていい点が二つあったから。
一つ目は、今季のルカは開幕からフルスロットだと言うこと。
去年はシーズン明けたら信じられないぐらいデブってたから、ベストシェイプに戻るまでパフォーマスがなかなか上がらなかった。
けど、今期はオフにユーロリーグに出ていたのもあって、いい感じの体型のままシーズンインできたのでかいと思う。
FTを一本も外さなかったのには驚いた。マジで今期はMVPあるかもしれない。

二つ目のポジれる要素は、ウッドがめちゃくちゃいい感じだったということ。
プレシーズンは好調だったのに、シーズン始まった瞬間に格が落ちたJリッチと違って、初戦のウッドはAS級の選手だった。
ポルジンギスには期待できなかったウィングからの打開力、リムアタック、ポストプレイができるのがありがたすぎる。
もしかしたら、ルカがプレイしたことのある選手の中では、ルカの相棒としての最適の人材かもしれない。
ただ、FTはマジで練習してほしいw
今日の試合は、マジでウッドがFT決めてたらガチで勝ててたwwwww

ポジれる要素は二つぐらいでダメ出しをいくつか

まずはキッドの采配。
点差が完全に溶けてからタイムアウトを取るのではどう考えても遅すぎるし、ウッドをもっと早く戻すべきだったと思う。

マギーの謎ドライブと謎フックシュート、謎ポストプレイもマジでやめて欲しいです。
どんな内容の契約をマブスと結んだのかはわからないけど、スタメンはマギーじゃなくてウッドにするべき。

THJ神も大好きな選手だけど、あの確率を定期的にしてしまうようでは、立場がマジで無くなると思ってしまった。

ディンはもっとドライブを増やして。

グリーンにはマジで失望した。攻め気を見せていたのはプレシーズンだけだった。シーズン始まるとゴールに迎える状況で全く攻めきを見せずにパスミスからのごみTOV。マジで頼むて

ベルタンはマジで早く復帰してくれ。これに年15Mも上げたWASはマジであたおか。",2022-10-21T07:02:18.000000Z,2022-10-21T07:02:18.000000Z
5,1,1587,41点差で圧勝。文句なしの試合。,"文句なしの圧勝だった。ルカが1Qからフルスロットで39-17という大幅リードを生み出して、そのまま走り抜けた。
この前のサンズ戦ではそのリードを溶かしてしまったが、今回はそんなことはなかった。

ルカは全てが最高だった。オフェンスは格の違いを見せつけていて、得点もアシストも冴え渡っていた。しかもディフェンスとFTがマジで上達している気がする。このまま怪我なくシーズンを終えられれば、マジでMVP候補筆頭だと思う。
昨シーズンもそうだったけど、モラント相手だと後輩スターPGに負けたくないのか、妙にやる気になっているように見える。

ウッドも今回の試合ではFTをちゃんと決めていて、最高な試合内容だったと思う。やっぱりスタメンで使ってほしい。
ルカのブロックからのトランジション速攻 => ウッドアリウープはマジで痺れた。
そして意外にもウッドはパスを捌けるのが素晴らしい。今日のマブスはボールムーブが美しすぎて痺れた。
申し訳ないけど、今のところオフェンスでは全てにおいてウッドの方がポルよりも上。
ポルにできなかった、ポストプレイ・ドライブからのリムアタックを完璧にこなしている。しかも、外角もポルよりも高性能だから圧倒的上位互換。
ウッドにはエゴを出さずにこのまま頑張ってほしい（そして目指せオールスター）。

ドード、ネギ、クリバ兄貴も本当に素晴らしい。
今のマブスでルカやウッド、THJ、ディンが好き勝手オフェンスでやれているのは、彼らがディフェンスでカバーしてくれているから。
チームDの完成度が上がっている気がする。ウッド加入とTHJ復帰のお陰で、ドードたちのオフェンスでの負担が減った分、本業に集中できるようになったのか？
ドードのモラントへの神ブロックには震えた。

THJ神とディンもいい感じだった。昨シーズンまでは、ブルドーザーたちの誰かが当たらないと勝てなかったが、今季はルカ・ウッド・ディン・THJがオフェンスで通常運転してくれれば、勝てそうな気がする。
ルカ=>30点、ウッド=>25点、ディン=>15点、THJ=>15点をノルマにしてほしい。

それと、ハーディくんが念願のデビュー。めっちゃ緊張してて、笑ったw 次の試合では初得点期待！！
ドーシーがガーベッジで無双してるのも面白かった。この活躍を継続できるならカンパッソと契約する必要もなかったかもしれない。

そして、ベルタンはいい加減、試合に出ろ。
16Mも貰ってるんだから、給料分の仕事はしてくれ。頼むから。",2022-10-23T05:23:32.000000Z,2022-10-23T05:23:32.000000Z
7,1,1606,イングラム・ザイオンのいないペリカンズに負けた,"色々と思うところはあるけど、ルカのラストショットが外れて負けるのなら甘んじて受け入れられる。

イングラム・ザイオンがいなかったとは言っても、相手のスリーが当たりすぎてたから、仕方ない感じはある。

ただし、キッドの采配には疑問が残る。
ウッドがあれだけ活躍してたのに、プレイタイムが30分未満なのはどう考えてもおかしい。
1戦目のサンズ戦の時も思ったが、ウッドが後5分多く出てたら全然勝てた試合だった。
カーライルじゃないんだから、もう少し柔軟にロスターを変えてくれ。
ブロックがめっちゃ調子悪かったのに、クロージングに起用する必要あるか？
普通にルカ、ディン、DFS、クリバ、ウッドでよかったやろ。

ルカもスリーが入らない時は、スリーに固執しないでほしい。
ウッドとディンは素晴らしかった。",2022-10-27T03:58:35.000000Z,2022-10-27T03:58:35.000000Z
8,1,1619,勝ててよかった,"本当に勝ててよかった試合。オーバータイムまで行って勝利。
KD37点、カイリー39点をドンチッチ41-11-14で跳ね除けての勝利。

まず、ルカが最強すぎた。オフェンスでは何でもできる。
ミルズがディフェンスについてたときは本当に見てられないぐらい、カモにされてた。
体が小さい・軽い選手相手には体重でゴリ押しして、体格の良い相手に対してはステップバックで蹂躙する。
ダブルチームに来たら、キックアウトで捌く。ルカの背面パスは全然ハイライトにならないけど、あれを予期して止めるのは不可能だと思う。

THJもオフェンスは素晴らしかった。2年前の輝きを取り戻しつつある。ディフェンスは酷かったけど。

グリーン君も3ポイントが3/3と、成長の兆しを見せていて、本当に嬉しかった。
今後、グリーンくんがベインやベイを超えることはないと思うけど、貢献できる選手になってほしい。

ブルドーザーたちはカイリーとKDを個のディフェンスでポゼッション奪取する場面があって、本当に素晴らしディフェンスだった。
外も要所要所で決めていて、今日みたいな活躍を今後も期待したい。

ウッドはこれまでほどのインパクトはなかったけど、効率的なオフェンスを展開してくれた。
でも、チームとしてウッドを活かす意識が薄いような気もするのが気になる。

マギーはマジで酷かった。余計なドリブルはマジでつかないでほしい。自分の役割を全うしてくれ。それ以外のことはするな。

渡邊もいい感じの活躍をしていた。15thの選手がOTでも起用されるのは本当に素晴らしいこと。ルカにはカモにされてたけど、あれはルカがうますぎるだけだからしゃーなし。",2022-10-29T04:35:19.000000Z,2022-10-29T04:35:19.000000Z
9,1,1639,稀に見るゴミ試合,"もう、感想を書く気も失せる。負けるべくして負けた。
本当にあの状況でルカを戻す必要あったか？
16点差残り6分。ディン、高岸、ウッド、THJが見事にハマり、一気にランを作っていい雰囲気のままクラッチタイムに。

ここで本日タッチ最悪で絶不調のルカを戻す。
そして案の定、リードを全力で溶かしOTに。OTではいつものルカ・ディン・ドード・ネギ・クリバのラインナップを使いあっけなく敗北。

キッドはマジで学習能力ないんか？
開幕5試合、そのうち負け3試合。その3試合全部、キッドの采配試合では全然勝てたぞ。今日に関しては絶対にルカを戻すべきじゃなかった。
明日も試合あるから、とか適当な理由つけて、ベンチに座らせとけよ。

ルカもいい加減にしろ。もうお前がTD取ったらそれで満足するフェーズではないんだよ。どんなに個人スタッツ上げても、勝てなければ批判さえるチームになったんだよ、マブスは。
去年CSF行ったんだろ？その時点で求められるのは個人スタッツではなくて、優勝なんだよ。いい加減にしろ。
ディフェンスに走って戻れ。審判に抗議することはそんなに重要か？スター選手ならディフェンスに戻らなくても許されるの？？
ルカは腰を落としてディフェンスしろ。

ウッドは本当にごめん。めっちゃ調子良かったし、毎試合最高のプレーをしてくれるのに、「信頼」とかいうクソみたいな理由で使ってくれないクソ監督。

ディンもめっちゃよかった。ルカはディンやウッドにディフェンスを任せることを覚えてくれ。頼む。

グリーンも成長が見えて素晴らしかった。",2022-10-30T04:57:45.000000Z,2022-10-30T04:57:45.000000Z
10,1,1646,"ルカ44pt - 0TOV。でも、なんか不安...","今日は最初からルカ無双だった。前半終了時点で既に30点の60点ペース。
何が凄いって3p% - 22%でFT% - 57%なのに、44得点でFG% - 65%だったこと。
もうルカにはタフスリーは少し控えてほしい。シンプルにドライブとポストプレイが強すぎるから、そっちメインでタフスリーは打たずに、外は周りに任せた方がうまくチームが回りそう。

それでも、昨日のクソ試合の後ということもあり、不安ばかりが増すような試合内容だった。前半はORLのスリーが上振れていたとはいえ、終盤まで接戦を演じていたし、オフェンスも親の顔よりもみたルカ一辺倒の攻め。
このまま行くと、マジで優勝なんて一生できない。

キッドも昨日の会見で、ウッドを終盤起用しろというメディアに対して、自分の判断（ウッドを終盤で使わないという判断が）は間違っていなかったと言わんばかりの態度だったのが気に食わない。
マギーもIQが低すぎるうえに、余計なドリブルはつくし、期待していたリムプロも全然ダメ。これでウッドまで使わなくなったら、マジで去年のチームからブラウンソンが抜けただけになる。これじゃあ、またPO一回戦負けで終わる。

ウッドはスクリーンが下手だの、面取りが下手だの、IQが低いだの言われてるけど、個のオフェンス能力は間違いない。それだけは誰がみても明らかだと思う。今のマブスのチームとしての伸び代は、ウッドのところぐらい。グリーン君も目に見えて成長しているけど、試合にウッドほどのスケールのデカさはない。

メディアの意見に従って、たかが1試合だけ終盤でウッドを起用し、それで敗北の責任をウッドに押し付ける監督。マジで気に食わない。
昨日の試合の責任はどう考えても、キッドの采配ミス。残り6分16点リードの状況で、目に見えて不調だったルカを戻して、その結果敗北し、その責任をウッドのせいにする監督。どう考えてもお前のミスだろ。ふざけんな！

それに比べてウッドは本当によくやってる。苦手なりにディフェンスは頑張ってるし、リバウンドは信じられないぐらい体を張っている。
絶好調にも関わらずベンチ起用で、やっとクロージングラインナップに加えられたと思ったら、敗戦の責任を押し付けられ、剰え「信頼が〜」とかクソみたいな理由で監督から批判される。俺だったらもうブチギレてるわ。

クリバのディフェンスが一流なのは皆んな分かってる。でも、スリーが絶不調のクリバを出すことにそこまで固執する必要あるか？
マブスというチームの可能性を捨ててまで、クリバを出し続ける必要を俺は感じない。

でも、まだ5試合だから。今後に期待。

グリーン君は明確に成長を感じられる。いいぞ。


ベルタンはいい加減試合に出ろ。",2022-10-31T18:19:18.000000Z,2022-10-31T18:19:18.000000Z
11,1,1668,ほぼヤニスのウッドと、開幕7試合連続30得点のドンチッチ。,"タンクすると噂だったのに、全然タンクしていないチーム。ユタジャズに辛勝。
前半の流れからすると普通にボコられるパターンかと思ったら、段々とジャズの3の確率が収束し出して、気付いたら勝ってた。

まず、マブス選手は全員FTの練習をしてほしい。チーム全体でFT%が53%は流石に笑えない。
FTが70%でも入っていれば、もう少し余裕を持って勝てていたと思う。

ルカは今日も普通に上手かった。
ディフェンスは相変わらず自動改札だけど、オフェンスは超人的で開幕7試合連続30得点を達成（マイケルジョーダン超え）。
マジでMVP行けるかも。最近は3P%が終わっているのに、FG%は50%を超えているがマジでエグい。
もうステップバックスリーは封印して、リムアタックに全力を出してほしい。

そして、ウッド。
マジでヤニスかと疑うようなプレイを連発していた。
coast2coast => ユーロステップ => ダンクの流れはマジでヤニス。プットバックダンクもド派手で最高だった。
前の試合に比べてると、ウッドを使おうとしているのが伝わって来る場面が多くて少し安心（相変わらずクロージングには使われないが）。

ディンも良かった。スリーもそこそこの確率で決めていたし、何より接触ありのリムアタックが強すぎる。
タフミドルに逃げるのではなくて、インサイドに切り込んでこそのディンだと思う。継続してほしい。

グリーン君は今日もめっちゃ良かった。マジで成長が伝わって来る。ディフェンスも素晴らしいが、何よりも3の安定感が去年とは段違い。

ただ、今日何よりも感動したのはパウエルの獅子奮迅の活躍。
開幕からいきなりローテ外だったパウエルが、プレイタイムを与えられたら、その期待に応えるかのように大活躍。
チームハイの+25を記録して、ディフェンスでもオフェンスでも泥臭く活躍してくれた。
そして、試合後のディンのコメントがマジで泣けた。単純な試合の活躍だけでは測れない選手の価値があるんだなぁ、と感じた。
ディンがマブスに速攻で馴染めたのも、最古参のパウがウェルカムな雰囲気を作ってくれていたからなのかな？

ネギも外は全然ダメダメだと思ったのに、最後の最後で一番大事なスリーを決めるあたりは流石だと思った。

今日、唯一良いところがなかったのはTHJ。
シュートは全く入らず、そればかりかディフェンスはルカ並みにザル。
ファンでも擁護できないレベル...
次戦の奮闘に期待したい。

そして、何気に今季初の連勝。Let't Go MAVS!",2022-11-03T16:17:11.000000Z,2022-11-03T16:17:11.000000Z
12,1,1680,ルカ開幕8試合連続30得点。,"ここ最近だと一番内容が良かった試合。

まずは今日はドンチッチ無双の日だった。オフェンスはほぼ50-40-90を叩き出しながら、ディフェンスでは別人のようにいいディフェンスをしていた。
そもそも、ルカはトレイヤングとかと比べると、本来ディフェンスは圧倒的にいいはず。
まず、あれだけフィジカルがある時点で他のガード勢と比べると、かなりアドバンテージがあるはずなのに、ろくにディフェンスをしないから、ディフェンスが下手という印象が強くなっている。
なぜだか、全く分からないが、めちゃくちゃやる気を出していた。それを毎回続けてくれたら、間違いなくヤニスと並んでリーグ最強の選手の1人になれる（現時点でもそうなんだが）。

ディンもめっちゃ良かった。やっぱりディンはドライブでこそ輝く。シーズン序盤はめっちゃ不安だったけど、最近はイキイキしている。
ブランソンの穴もしっかりと埋めてくれているし、文句なし。

グリーン君は今日の試合も本当に素晴らしかった。毎試合言っている気がするが、去年と比べると別人のように成長している。
ナイスディフェンスからのcoast2coastは思わず声が出てしまった。去年までだったら、自分で攻め切るなんてことは絶対になかったと思う。
たった一年で観るのが楽しみな選手に大変身してくれた。

パウエルも素晴らしい。スタッツ上では気付かないが、ディフェンスでもオフェンスでも存在感を発していた。
ウッドも少ない出場時間ながら、効率的に得点を重ねてくれていたと思う。頼むから、キッドはもっとウッドのプレイタイムを増やしてやってくれ。

ネギ、THJ、クリバ兄貴はマジで酷かった。
まず、頼むからシュートを決めてくれ。本当に下手すぎる。
ネギはマジでオフェンスは３以外何もできないんだから、スリーだけでも決めてくれ。
今日に関していうと、マジでグリーン君の方がよかったぞ。
まさか、チャットでネギとグリーンを交換しろという日が来るとは思わなかったわ。

THJはなんだかんだ言って怪我明けだし、仕方ないとは思うが、そろそろ調子を取り戻してくれないとキツすぎる。
20M弱払ってると考えると寒気がするような出来だった。

そしてクリバ。頼むから余計なドリブルはつくな、ドライブもするな。
ドライブしたところで、どうせ決めきれないのに、今日はドライブしようとして、サイドライン2回も踏んでたからな。
試合が終わってみれば1点差での辛勝。
2TOVってことは最大で6点分の得点機会を損失してるんだから、これで負けていたらマジで大戦犯だったぞ。
マブスほど、ローテーションメンバーに不器用な選手が揃っているチームはないと思う。

キッドもいい加減に、その凝り固まった頭をどうにかしてくれ。
なんでこんだけ調子の悪いクリバを終盤に起用するんだよ。
どう考えてもウッド > スリーの入らないクリバだろ。
脳死でお得意のスモールラインナップを使い回すのマジできついわ。
ルカとドード以外のクロージングラインナップは、毎回調子の良い選手を起用するようにしてほしいわ。
「信用」とかいう、ふわふわした価値観を言い訳に脳死ラインナップ組むのマジで止めろ。

でも、今日一番酷かったのは審判。
4Qの3ポゼッション連続オフェンスファールはなんなんだよw
マジで、あれで負けてたら一生恨んでたからなww
もう2度とNBAで笛を吹かないでほしい。

まあ、何はともあれ三連勝。この調子で次のネッツにも勝ちきろう！",2022-11-05T17:20:16.000000Z,2022-11-05T17:20:16.000000Z
13,1,1708,グリーン君覚醒。ルカ開幕9試合連続30得点。,"今日のグリーン君はマジですごかった。今日の、というか今シーズンのグリーン君は本当にすごい。
数ヶ月前までは、グリーン君がここまで成長するとは想像もしていなかった。
まず、3の成功率が高すぎる。
次に、判断能力が圧倒的に向上した。少し前までは、常にパスの出す先を探していたけれど、今はちゃんと攻め気を見せてくれる。オフェンスリバウンドもマジで素晴らしい。ああいうプレイがチームにいい流れを作っていると思う。
ディフェンスも運動量が多く、ねちっこいディフェンスをしてくれるため本当に頼れる。
今日の試合に関しては、絶対にグリーン君がいなかったら負けてたし、冗談抜きでネギと入れ替えてスタメンにしてもいいと思う。
最近はグリーン君のプレイを見るのが一番楽しい。

ルカも流石としか言いようがなかった。
前の試合に比べるとディフェンスのやる気は落ちていたが、それでも結構いいディフェンスをしていたし、シュート効率も素晴らしかった（FT以外）。
最近は、ルカが30点も取れずに終わる姿が想像できない。

THJの怪我がマジで心配。今日は間違いなく上振れの日だったのに、怪我で抜けるのは残念すぎた。

ディンはマジで空気だったな？今日本当に試合出てた？

マギーはいい加減にしてくれ。スタメンが出場時間3分はマジで笑えん。これをあと3年も抱えるとかガチでどうするん？余計なことはしなくていいんだよ。マジで。

ドードはさぁ...折角いい活躍だったのに、試合終盤でのTOVはダメでしょ。本当にあの局面でのTOVは全てを無に期すからな。焦らずに落ち着いて周りを見ることを覚えてね。

ウッドも今日は微妙すぎたな〜
折角、めっちゃ早いタイミングで投入されたのに、ここぞという時に結果を残せないのはなぁ...
次は頼みます。

ネギは、頼むからいい加減にスリーを決めてくれ。
ネギとグリーン君でディンフェンスは大差ないから、オフェンスでの引き出しが多い分、最近はマジでグリーン君の方が序列高いぞ？？

マブスはいい加減、リードを溶かす癖を無くしてくれ。終盤10点差付いたのに結局は最後の最後まで粘られて辛勝だから。
本当に何とかならんのか...ガーベッジがないとハーディ君をいつまで経っても育成できないんだよ。

最後に今日一番の衝撃は、絶対に外せないFTをKDが落としたこと。KDも人間なんだと実感した。",2022-11-08T16:27:20.000000Z,2022-11-08T16:27:20.000000Z
14,1,1714,OKC戦と並ぶ、今季屈指のゴミ試合。,"マジでゴミ試合。
オフェンスの戦術がマジでアイソしかない（アイソ戦術というかは知らんが）。
ルカが不調だと勝ち筋がなくなるのは、本当に4年前から変わらないな、と思った。ちなみにルカの開幕連続30得点記録は今日で途切れた。

キッドはいい加減に気付け。そしてオフェンスのシステムを構築しろ。
戦術ルカじゃ絶対に優勝できない。ルカが不調なのに、戦術がないから、不調のルカにタフショット打たせるしかないとか、マジで草バスケかよw
いい加減にしてくれ。

ネギはいい加減にスリー決めろ。
マギーはもう一生ドリブルつくな。1on1も2度とするな。お前にそれは求めていない。
THJも頼むからシュート決めてくれ。クソセレクションでも入ればいいよ。入らないなら打つな。

ウッドは欠場だし、キッドもいい加減に、変わる必要があるのは自分だと気付いてくれ。",2022-11-10T07:12:49.000000Z,2022-11-10T07:12:49.000000Z
15,1,1725,今季最大のゴミ試合を軽々と更新。見る価値なし。,"いつもと同じメンバーを出し続けてガベルこともなくズルズルと負けた。
何も得るものがなかった正真正銘のゴミ試合。本気で見る価値なし。
キッドはいい加減に新しいこと試せ。じゃないなら、さっさとHC辞めろ。",2022-11-12T02:22:57.000000Z,2022-11-13T07:59:57.000000Z
16,1,1743,ディン様最強。久しぶりに良いバスケができたと思う。,"内容もいい勝ち試合が本当に久しぶりな気がする。というか、内容もいい勝ち試合が、今の所MEM戦、UTA戦、今日のPOR戦の3試合しかない...

まず、ルカとウッドの2メンゲームは一生点が取れる、と錯覚してしまうぐらいに無双してた。
ルカもやっとウッドの扱いに慣れてきたのかな？と見ていて思った。
それにしても、ウッドがいるといないでは、得点の安定感が段違い。ウィングに個人で打開できる選手がいるのは本当にありがたい。
P&Rでリングにも向かえるし、1on1で点も取れるし、スリーも打てる。ウッドが最強。マブスには絶対に必要な存在よ。

ルカも今日素晴らしかったよ。スリーの調子は相変わらずだったけど、リング周りの得点力はやっぱり頭一つ抜けてる。どすこいドライブは無限に点が取れると思う。
地味に40点超えのTDだけど、誰もチャット欄で反応していなかったあたりに、ルカの凄さが映し出されている。

グリーン君もよかったね。スリーの確変は終わった感はあるけど、ディフェンスはめっちゃよかった。
THJは悪くなかったし、欲しいところでスリーを決めてくれてた。だけど、もっとできるよ。

今日一番すごかったのは、ルカでもウッドでもなくて、スペンサーディンウィディー。
今日の試合に関しては、ディンがいなければ絶対に負けていたと思う。
4Q残り3分。リラードに逆転3をかまされて、「あぁ、このまま負けそうだなぁ」と思っていたところを、そこからディンの3本連続スリー。
マジで神ってた。去年から思ってたけど、ディンのクラッチ強さはマジで美徳だと思う。本当にマブスに来てくれてよかった。

ドードも最後、試合を決定付けるスリーを決めてくれてありがとう。

キッドは選手の起用法を少しは見直したのかな？
今日はグリーンの投入が早かったし、ウッドがファールアウトするまではクラッチでも使ってたし、調子の悪かったクリバを下げて、初めての「ルカ・ディン・THJ・ネギ・ドード」のラインナップを使ってた。
その調子で色々と模索してくれ。

そして、反省点。
まず、ネギ。頼むからいい加減スリーを決めてくれ。ディンフェンスは素晴らしいんだけど、外があそこまで入らないようだと、フランキーでいいじゃん、ってなる。
クリバはゴールしたぐらいちゃんと決めろ、スリーも決めろ。

ベルタンスはいい加減に試合に出てくれ。",2022-11-13T07:59:04.000000Z,2022-11-13T08:02:12.000000Z
17,1,1760,22点差を溶かしたけど、なんとか勝てた,"そろそろリードを溶かすのも見飽きた。
前半終了時点で22点のリード。普通に考えたら4Qはまるまるブローアウトの流れだが、マブスの場合はそうはいかない。
3Qに25-7とかのランを喰らって普通に同点まで詰められた。
ここまで溶かし芸を披露し続けると最早戦術の問題な気がする。
やっぱり2点を確実に取れるオプション（ブランソン）が減ったのが影響しているのかなと思った。
溶かす時のパターンとしては、ドライブからのキックアウトでスリーが落ちまくり、その隙に相手にバカスカ点を取られることが多い気がする。
キッドは、ルカのアイソ以外に2点取れる戦術を組み立ててくれ。
てか、ルカとウッドのP&Rをもっと使えや。

今日の試合は終盤のルカマジックでなんとか勝つことができたが、ぶっちゃけそれもマッチポンプ。
ルカマジックなしでも勝てるような内容の試合だった。
ウッドも土壇場になるとクソみたいなTOV連発するのまじで直してほしい。
ドアマットでしかプレイしたことがない弊害が接戦の重要な展開で表面に浮いてきてしまうのかな...

キッドの采配も相変わらず謎だった。シュートが全く入らないTHJを22分も起用する意味あるか？
普通にグリーンとかフランキーで良かったじゃん...
何を思ってTHJを長時間起用し続けるのキッドに問いただしたい。

ドードは本当に偉かった。今日の試合に関してはオフェンスではスリーを7本決めて、ディフェンスではPG13相手に対してないdを終始続けていた。

ネギは4Qの4本連続3ポイントで許された感出しているが、普通にネギが3Qで一本でもスリーを決めていたら、ブローアウトできてたからな？

まあ、何はともあれ勝てて良かったが、流石に接戦が多すぎてメンタルがもたない。",2022-11-16T16:52:19.000000Z,2022-11-16T16:52:19.000000Z
18,1,1771,マブスが弱すぎてガチでひいた。,"ガチで弱すぎてドン引きした。
ルカがローマネで欠場とはいっても、2-12のガチタンクチームのロケッツに負けるのは流石に想像してなかった。
このクソ雑魚チームをPOチームまで引き上げてるルカって、マジですげぇんだなと思った。
キッドはいい加減に解雇されろ。",2022-11-17T15:06:42.000000Z,2022-11-17T15:07:04.000000Z
19,1,1783,珍しくリードを溶かさず快勝。,"珍しくリードを作ってから溶かさずに走り切った。まあ、相手がヨキッチ・マレー・ゴードンが欠場していたのはでかいけど...
それにしても今日のルカ・ディン・ウッドは100点だったと思う。

やっぱりルカはアシストをしてこそ輝く。今日のルカはアシスト偏重＋ディフェンスガチの珍しいモードだった。
チームとしても、ルカが一人相撲するより、ディフェンスをしてパス回してくれた方が勝てると思うから、今後も継続してほしい。

ウッドも相変わらず凄まじかった。もう、ほぼヤニス。ルカとウッドのピックは永遠に点取れる気がする。
ゴリ押しで点取れる選手がルカ以外にもう1人いるのは大きい。

ディンも今日はドライブ少なめだったけど、高確率で点取ってくれた。良い感じ。

今日はルカが4Q頭に出場していると、いつもと少しローテが違った。キッドは色々なことを試してくれ。
それで言うと、ハーディを早くGから呼び戻せ。ハーディはレジェンズで毎試合30点近く高確率で取ってるらしい。
もうそのレベルまでいくと、Gで学ぶことはもうなさそう。早くマブスの試合でハーディを見たい。

ベルタンは給料分の仕事はしてくれ。頼むから。",2022-11-19T12:22:33.000000Z,2022-11-19T12:22:33.000000Z
20,1,1799,グリーンくんだけが良かったクソ試合,"頑固クソオヤジキッド。早くこいつをカットしてくれ。そうでもしないと一生勝てない。
全試合めっちゃ活躍してたウッドが今日の試合の17分ってwwww
それなのに今日もクソみたいなプレイしてたTHJが20分wwww
ドードもネギもクソみたいなドリブルつくな、シュート決めろ。
ルカもファール抗議なんてしてる暇あるなら、さっさとディフェンス戻れや。

もうグリーンくんだけがマブスファンの希望。
スリーを6/7で決めるという神効率。カウンタードライブもパスもできるからネギよりもグリーンくんをスタメンで使ってほしい。
ベルタンも良かった。",2022-11-21T05:36:03.000000Z,2022-11-21T05:36:03.000000Z
21,1,1817,チームとしての練度が違う。,"当然の結果。チームとしての練度の違いが一眼でわかった試合。
アイソレーションしか戦術のないマブスと、チームで攻めれるセルツ。
もうなにも見たくない...",2022-11-24T09:44:33.000000Z,2022-11-24T09:44:33.000000Z
22,1,1839,キッドの解雇、早急に求む。,"マジでキッドの頭がイカれてる。
とうの昔に対策されているルカ、ディン、ドード、ネギ、クリバの焼き増しスモールラインナップを永遠に使い続けている。
冗談抜きでマジの無能。
しかも、最後はドード、ネギ、クリバの責任逃れパス回しからのパスミスで、ラストショットすら打てずに負けるw
本当にルカが可哀想w

てか、ドード、ネギは最近本当に酷すぎるw
いつになったらスリーは復調するの？
THJの影に隠れてるけど、君たち最近酷すぎるからな。擁護できるポイント皆無だぞ。

多分、今日の負け方は一生忘れないわ。",2022-11-27T01:01:02.000000Z,2022-11-27T01:01:02.000000Z
23,1,1851,普通に力負け。弱すぎるマブス。,"流石バックス。順当に負けた。想定の範囲内。これで４連敗。
ちなみにマブスはルカが30点未満の試合で勝ち星ゼロらしい。

それにしてもキッドの無能ぶりには驚愕したわ。
今日はネギが休みで代わりに誰がスタメンになるのかな〜と思ったら、まさかのTHJ wwww
え？グリーンくんじゃないの？と思ったw
今季絶好調で、特にオフェンスでは不器用ずの中でずば抜けて上手くなってるグリーンくんを押し退けて、今季絶不調でプレイタイムも極力減らしたいTHJをスタメンは流石に予想外w
しかも案の定クソみたいなTOVはするしシュートは入らんし...
頼むからキッドを早く解雇してくれ...",2022-11-28T12:51:14.000000Z,2022-11-28T12:51:14.000000Z
24,1,1863,グリーン君ありがとう😭,"グリーン君本当にありがとう😭
今日の試合に関しては、グリーン君がいなければ100%負けてた。
前半のベルタンへの神パスも、マブスを勝利へ導いたドライブもスリーも全てが最高だった。
本当にグリーン君がここまで重要な選手になるとは微塵も思わなかった。
今となってはドードよりも全然いい選手になりつつある。

THJも久しぶりにいい活躍だったね。まるで2年前のPOみたいだった。
タフショットも決めてクラッチスリーも決めて。その活躍を求めていた！
あとはリバウンドとディフェンス頑張ってくれ。

ルカも最高だったな。今日に関してはルカとカリーがマジで別次元の活躍だった。
今日のルカは40点のTD。40点試合数はノビツキーに並んだらしい。まだ23歳なのにやばすぎ。
ルカのパスにグリーン君が答えてくれたのが、本当に見てて尊かった。

ディンもタフショットをバンバン決めて試合を繋いでくれていた。
ただ、ディンがフレグラント2で退場した時はマジで負けると思った。
つい昨日カンパッソを解雇して、ケンバと契約したマブスだけど、ケンバはまだ試合に出る準備ができてないから、ハンドラーがマジでいないw
ハーディは一応帯同してたけど、接戦で出すわけにもいかず、結局ルカを早く戻すことに。
そもそも、あのファールはどう考えても故意じゃないから、フレグラント2はないと思う。

ウッドは少し反省してくれ。
使われ方とかに不満があるのは分かるけど、プレイがところどころ雑なんだよな。
絶対にミスが許されないような局面でTOVするのは怖すぎる。このままだとPOでやらかしそう。
とりあえず、次の試合頑張ってね。",2022-11-30T05:03:26.000000Z,2022-11-30T05:03:26.000000Z
25,1,1878,全Nクラに醜態を晒したダラスマーベリックス,"今日はこの試合しかなかった。
相手は絶賛タンク中のピストンズ。負けることは許されない試合でマブスはOTの末負けてしまったwww
ルカ絶好調、ウッド・THJ好調の中、キリアンヘイズとジェイデンアイビーにボコられるという衝撃の展開（笑）

まず全員FT決めろ。

今日の敗因はOTのクリバの中継パスミス、ドードのインバウンドパスミス、クリバのゴール下ミスの3つ。
マジでこいつらに関しては流石に呆れた。
ベテラン選手があの場であのTOVは絶対に許されない。
つい最近ラプターズ相手にクリバの判断ミスからのドードのパスミスで、ラストショットを打てずに敗北したのに、数試合後にまた同じところが原因で負けるとは...流石に幻滅した。
いいからグリーン君を試合にもっと出せや。今日は15分しか出てなかったぞ？
なんでどう考えても好調なグリーン君よりも、見るに堪えないネギなんかを長時間起用するんだ？？
キッドはマジで脳みそ腐ってるだろw

あとリバウンド取られすぎだし、ディフェンス紙すぎ。
タンクチーム相手にあれだけバカすか点入れられてたら優勝なんて一生無理だよ。
てか、なんのためにマギー取ったんだよ。今日みたいな試合でリバウンド取らせるために取ったんじゃないの？？

でも、今日一番可哀想だったのはハーディ君（チームメイトのせいで負けたルカも可哀想だったが）。
地元のデトロイトに凱旋。最近はGリーグでえげつない活躍をしているから今日こそは出番があるかと思いきや、出番なし。
それだけじゃなくて、自分のチームはタンクチーム相手にボコられるという...
こんなの屈辱なんて生ぬるい言葉で言い表せないだろうな...
これには流石にGMのニコ・ハリソンもキッドに対して不満漏らしてたな。

マジでキッドが解雇されない限りこのチームに未来はないよ。",2022-12-02T15:45:02.000000Z,2022-12-02T15:45:02.000000Z
26,1,1890,最高の試合！THJ神降臨！！ハーディ君初得点！！！,"マジで久しぶりの神試合。
てか、ブローアウトしたのがシーズン序盤の序盤、グリズリーズ戦以来。

前半はマジでゴミのような出来だった。ルカは絶不調。クリバとドードは相変わらずクソみたいなプレイの応酬でレイアップすらまともに決められない。
今日はウッドもいないし、お得意のアイソオフェンスのみで攻め続け、今日は安定の負けパターンだな〜っと思っていた。

ところが、3Qに我らが神「THJ」が降臨。
4分で5本のスリーを連続で決めるという真のガチャガチャぶりを発揮。
久しぶりにマブクラが求めていた神姿を見ることができた。これぞTHJ神。

ルカもルカでめっちゃ調子悪いな〜、と思って試合終わった後にスタッツシート見てみたらビックリ。
29分30点で50-40-100という化け物効率。うちのエースが世界で一番バスケうまいよ...

グリーン君も本当に素晴らしいね。今日はスリーの調子はめちゃくちゃいいわけじゃなかったけど、欲しいところで決めてくれたし、何よりもパスが素晴らしい。
今季はパスだけじゃなくて、レイアップという選択肢も増えたから、キックアウトがめちゃくちゃ活きる。
ディフェンスの運動量もチームNO.1だし、マブスにとっては必要不可欠な存在になったよ。

パウとクリバーも見えない場所での貢献が素晴らしい。
パウはオフェンスリバウンドにめちゃくちゃ絡んでくれて、それが得点チャンスにも繋がってたし、クリバーのシールのお陰でルカが楽にドライブで点取れてた。
パウのハイライトダンクも見事！クリバはレイアップ決めてくれ。

そして今日はブローアウトしたから、なんと5分以上ハーディ君を見ることができた！！
ハーディ君、初得点おめでとう。マジでマブスの希望だわ。ダイヤの原石ハーディ。
ドードと比べるとレイアップが圧倒的にうまい。
ディフェンスをズラすという概念スラなさそうな先輩たちにレイアップの極意を教えてほしい。
あとは、もっと自分に自信を持って攻めて欲しいな〜。キッドは今後も継続的にガーベッジ以外でもハーディを使ってくれ。

ウッドが病気？で欠場だったのは残念だけど、面白い試合だった。",2022-12-03T20:39:57.000000Z,2022-12-03T20:39:57.000000Z
27,1,1911,グリーン神。ハーディ希望。,"マジでいい試合だった。
グリーンの成長が目覚ましすぎる。ルカを彷彿とさせるえげつないパスや、エンドワンをもぎ取れる体の強さ。トランジションからしっかりと決め切るフィニッシュ力。
ネギ、クリバはもちろんだが、ドードもグリーン君に抜かれた感ある。
マジでグリーン君がここまでいい選手になるとは思いもしなかった。

THJもここ数試合は好調っぽいしよかったよかった。
ルカもしれっと29分で33点とってるし、やっぱり化け物。
ディンはドライブはなんか3回ぐらい同じ感じでブロックされていた気がするけど、今日はスリーが好調だったのでかいね。
ウッドも毎回クソみたいな起用されてて、しれっと18点も取ってるんだから、十分な活躍よ。
キッドは早く解雇されてくれ。

そして今日何よりも嬉しかったのは、ハーディの大活躍。
ガーベッジの2分で10得点のまさに希望としか言えない活躍を披露。
しかも、スリーが爆発したとかじゃなくて、全部ドライブとFTでの得点。
ボディコンタクトあってもシュートを決め切るし、FTも落とさないし、マジでうまい。
頼むからガーベッジ以外でもプレイタイム与えて経験を積ませてくれ。
キッドはガチで解雇されろ。",2022-12-07T03:14:13.000000Z,2022-12-07T03:14:13.000000Z
28,1,1915,勝ったからギリ見れる試合。,"まあ、普通に酷い試合だった。
ルカが不調で勝てたのが奇跡のような試合。ルカが不調なのに、クロージングでルカがタフショ打って外してるのまじで笑えるw
オフェンスの停滞感えぐいんだよなw
THJ、ドード、クリバ、ネギを同時に2人以上絶対に起用するなよ。ドリブルつけない人がコートに3人以上いる時の短調さたるや否や。

THJもシュートを決めてくれるのは本当にありがたい。今日の試合もTHJがスコアリーダーだからね。
でも、ドリブルをつくのはマジでやめてほしい。スリーが好調になると、なぜドライブをしようとするの？
普通にスリー打てよ。お前ドリブル鬼下手だろ。

ドードも余計なドリブルつくな。最後にクラッチスリー決めてくれたのは偉い。でも、キックアウトもフィニッシュもド下手なんだから、スリーとディフェンスだけしててくれ。

とりあえずキッド無能。ネギを試合に出すぐらいならハーディとフランキーを試合に出したれ。",2022-12-07T08:09:29.000000Z,2022-12-07T08:09:29.000000Z
29,1,1939,トラウマ級のゴミ試合。クラッチタイムでFT6本連続失敗。,"まず、この試合は全てが悪いわけじゃなかった。
むしろ、3Qの終わりまでは最高の試合だった。
グリーン => ウッドのえぐいアリウープ、グリーンのロペスのブロックを交わした上でのリバースダンク、ルカのハイライトポスタライズダンク、4Qにはディンのえぐいハイライトダンクが2本もあった。
ディフェンスもエグくて、前半はクリバ・ドード・パウを中心にヤニスを5点に抑えた。
ルカのディフェンスも改善されていて本当にいい雰囲気で、ウッドも泥臭い仕事を受け入れてくれたのか、ディフェンスにリバウンドと頑張ってくれていた。

で、問題はFT。
この試合、なんとチームのFT%が40%ちょっと。
パウがFTを一本失敗。その後、THJがヤニスからスリーポイントファールを貰い、ヤニスはファールアウト、THJはFT3本という圧倒的に有利な状況にあった。
ここからが地獄の始まり。
THJがFTをまさかの3本連続失敗。で、絶対にFTを外せない場面でドードが2本とも失敗。
そして、1点リードで迎えたハーフコートディフェンスのシーンで、まさかのクリバとドードのスウィッチミスで、ロペスにイージー2を献上wwwww
しかもしかも、ラストプレイのセットはどうやらホリデーに完全に読まれてたらしくて、ルカの超タフショットで試合終了。

もう終わりですよ。このチーム。",2022-12-10T14:39:20.000000Z,2022-12-10T14:39:20.000000Z
30,1,1944,ボコボコにされたけどハーディ君のおかげで耐えた。,"ハーディ君はマブスの未来。
ルカがいないとガチでリーグ最弱のチーム。闇が深いからこそ、ハーディ君という希望の光が明るく見える。
ハーディ君にはマブスの未来を賭ける価値がある。",2022-12-11T04:27:08.000000Z,2022-12-11T04:27:08.000000Z
31,1,1958,エリートディフェンダーフランキー。それ以外はつまらない試合。,"勝ったのに勝ったことが信じられないぐらい、つまらない試合だった。
いつも通りルカが無双して、スリー爆撃が成功して終わり。
マジで、次に繋がらない勝利。

唯一繋がる可能性があるとすれば、フランキーの活躍。
グリーンが怪我で欠場だったこともあり、フランキーが出場。
本当に素晴らしいディフェンスだった。これを干していたキッドはHCやめた方がいい。
スリーの入らないネギやドードよりも、若くて伸び代のあるフランキーの方が100倍マシ。

THJはマジでドリブルつくな。",2022-12-13T04:26:50.000000Z,2022-12-13T04:26:50.000000Z
32,1,1974,ゴミ試合,"見る価値なし。ゴミ試合。
グリーン君もいないからマジでつまらなかった。
キッドはマジで解雇してほしい。
何ができるんだよ、まじで。ついに引き際の判断もできなくなったのかよ。
さっさとがべってハーディ出せよ。",2022-12-15T06:53:43.000000Z,2022-12-15T06:53:43.000000Z
33,1,1989,ルカ33点、ウッド32点。最高の試合。,"久しぶりにストレス0で試合を見ることができた。
まず、ルカウッドのコンビはハマれば最強だと思う。
この二人のツーメンは永遠に点を取れると思うけど、なんでもっとやらないの？もっとこのツーメンやろうぜ。

ルカはいつも通り化け物だった。
なんと言っても今日のハイライトダンク。最近のルカはダンクに味を占めているらしい。
どんどんやってくれ。

ウッドも最高だった。
高確率でスリーを決めつつ、ヌルキッチ相手には速さのアドをとってエンドワン。
フィジれる相手にはインサイドでゴリゴリ2点を取りに行く。はやく再契約してくれ。
最近はインサイドでもリバウンドめっちゃ頑張ってくれてるし、ポルにやってほしかったこと全部やってくれてる。
あとは余計なTOVなくして欲しいな。てか、ウッドは面取るの下手くそだから、そこは周りが手伝ってあげて。

フランキーも素晴らしかったよ。本当にディフェンスが良すぎて惚れ惚れする。
スリーも高確率で決めるし、今日は成長を感じさせてくれるドライブもあった。その調子！
ガードながら1~4番まで守れる選手。フランキーも再契約頼むぞ。

ドードとネギは頼むからスリー決めて...
二人とも確率的には30%ちょいだからめちゃくちゃ悪いっていうほど悪くもないんだけど、外してるシュートがフリーばかりだからなぁ
マブスのシューターってリーグでも一番簡単にフリーのスリーを打ててると思うぞ。ルカがいるからな。
フリーのスリーぐらいは決めてくれないと困りますよ...

ガベのハーディくんも素晴らしかったよ。相変わらずスリーは調子悪いけど、ドライブはキレッキレ。
てか、ブロックをかわす能力が高すぎる。ディンよりもこれに関しては全然うまい。
不器用な先輩たちにレイアップのコツを教えてあげて。

マギーはマジで帰れ。ガベにお前の1on1観たい人がいると思うか？
ベテランなんだから自分の役割ぐらいは把握してくれ。

怪我人が少しずつ出てきたのは懸念点だな...
クリバは6~8週間の離脱が決定して、グリーン君も離脱、パウも今日の試合で怪我をしてしまった...
マジで不安...
これを期にウッドスタメンチャンスきてくれ
てか、明日スタメンセンターがウッドじゃなかったら、マジで一生キッドのこと許さない。

そういえばベルタンどうした？いなかったけど（なんか病気らしい）",2022-12-17T11:23:28.000000Z,2022-12-17T11:23:28.000000Z
34,1,1993,ケンバ復活の32点,"ルカ、ディン、グリーン、クリバ、パウ...などなど主力が欠場の中、強豪CLEとOTまでもつれる大熱戦。
その立役者はなんと言っても、先日カンパッソの代わりにやってきたケンバ・ウォーカー。
全盛期さながらのプレイで32得点。
結果は敗戦だけど、次につながる内容だった。
てか、次に繋げろよキッド。",2022-12-20T01:44:25.000000Z,2022-12-20T01:44:25.000000Z
35,1,2009,開始2分以外はゴミ,"ルカ＆ウッドが初スタメン。
開始2分のみ美しいオフェンスを展開していた。
ただ、それ以降はごみみたいなオフェンスを46分間展開。

不器用なウィング陣のクソみたいなドライブからのタフショット。
オフェンスに停滞感が出てくるとアイソレーションゴリ押しで凌ごうとして、結構突き放される。

しかも、ルカは怪我を押して出場して、途中で明らかに体を痛めたのに、出場し続けるというクソ采配。
シンプルにキッドは解雇されてほしい。

今日の名シーンはルカが審判に何か言って退場処分下された後に、キッドが審判にめっちゃ噛み付いて退場させられたところ。
それと、ベルタンが4Qでスリーを決めまくったところ。
マジで面白かった。

それ以外はごみ。",2022-12-20T10:30:31.000000Z,2022-12-20T10:30:31.000000Z
36,1,2026,なんか勝てた？,"文字通りなんか勝てた試合。
いつも通りクソみたいな試合内容だったけど、相手もクソみたいなプレイを連発してくれてたから何とか勝てた。
特に3Qはシュートは入らないし、クソみたいなTOVは連発するし、この世の終わりかと思った...
勝てたからいいけど、今日も結局4Qにスリーガチャが当たっただけだからなぁ...
てか、怪我人多すぎ。キッドが酷使してきた弊害だな。
ドード、クリバ、グリーンが欠場は普通に痛すぎるんだよなぁ...",2022-12-22T06:18:04.000000Z,2022-12-22T06:18:04.000000Z
37,1,2040,ルカ50点。ルカ個人軍。,"ルカが42分出場して50点取って何とか勝てた試合。相手タンクチームだけど大丈夫そう？？
まあ、欠場者が多すぎたからってのはあるが、それにしても酷すぎる。
何がひどいって選手起用だよな。
今日のTHJを30分も起用した理由を知りたい。マジで無能HCだわ。
全くシュートが入らないTHJをクロージングまで引っ張るなよ。普通にベルタンでよかったんじゃない？？

ウッドはオフェンスは微妙だったけど、ディフェンスは素晴らしかったね。4ブロック。これからもその調子で頼む。

それにしても怪我に多すぎるなぁ〜
グリーン・クリバ・ドードに今日の試合でネギも負傷したっぽい。
クリスマスゲームどうなることやら...",2022-12-24T08:33:02.000000Z,2022-12-24T08:33:02.000000Z
38,1,2047,"最強コンビ「ルカ×ウッド」 LALの5Gラインナップ","前半から漂うクソ試合臭を掻き消す3Q。
まさかの3Qのみで50得点。
まあ、前半全く入っていなかったシュートが入り出したってのはあるが、そもそも前半で外しすぎだったんだよな。
相手はずっとルカにダブルチームして、ほとんどフリーのスリーを打たされてたのに、それを外し続けてたんだからな。
まじで頼みますよ。シューター陣の皆さん。

今日のMVPはウッド。本当に素晴らしかった。
クリバが怪我で離脱してからディフェンス強度が明らかに上がっている。リムプロはもちろんだけど、ルーズボールにも飛び込むし、リバウンドにも積極的に参加するし...もう最高です。

ルカは流石としか。今日も相変わらず化け物じみてた。

LALは本当にレブロンが酷使されるだけのチームだったな。
まじで可哀想だわ。レブロンの晩年がこんなゴミチームで戦うことになるなんて...

まず、マブスのスリーが決まり始めた時点でルカへのダブルチームを止めるべきだったな。
そもそも前半リードできてたのは、マブスのシューター陣が不甲斐なかっただけで、ダブルチーム自体は簡単に捌かれてたわけだからね。
それなのに、ハムは一生トラップ仕掛けてるからね。マブスのスリーが入り出した時点でルカへのダブルチームとか最悪手なのに...
でも、今日一番びっくりしたのは、散々ウッドにやられてたのに途中で狂気の5Gラインナップを敷いてきたこと。
まじで目を疑った。無能采配とかで言い表せるような生やさしいレベルじゃない。

それ言うと、うちのキッドも負けてなかった。
まじでTO取るの本当におせえ。流れが悪い時もTO取るのおせーけど、ガベる時もTO取るの遅すぎるんだわ。
何してんだ本当に。なんでハーディを1分しか出さないんだよ。
もう相手もガバってるんだから、こっちもTO取ってディンとか下げてハーディ出せよ、ハゲ。
本当に嫌いだわ。まじで早くキッド解雇されないかな〜。",2022-12-26T06:52:56.000000Z,2022-12-26T06:52:56.000000Z
39,1,2065,伝説の試合。ルカが60-20-10を達成。,"死ぬまで今日の試合は忘れないと思う。
試合時間残り30秒ちょっとで9点ビハインドの状態から、ルカの劇的逆転シュートでOTへ。
そして、OTでの激戦を制してマブスのフランチャイズレコードである60点に到達。
60pts-20reb-10astというスタッツはNBA史上初らしい（チェンバレンやハーデンも達成したことがない）。
今日のルカは本当に一人でチームを勝たせる勢いだった。
この感動は3年前のPOでLAC相手にブザビを決めた時以来。

今日も引き続きグリーン、ドード、クリバを欠いた状態で挑んだ。
序盤はとにかくシューター陣のシュートが入らない。
特にひどかったのはネギ。今日の試合で負けていたら、戦犯は間違いなくネギだと言い切れるぐらいにひどかった。
ネギの場合、タフショットはほとんどなく、ワイドオープンの状態で打っているのにも関わらず全く決まらない。
ディフェンスも最近微妙だし、パスもドリブルもできないんだからスリーぐらいは決めてほしい。頼みますよ...
でも、ネギが外してくれたからルカの60点が見れたわけだから今日だけは許すよ。

それにしても、4Qの残り30秒は熱かった。
もう流石に負けかなと思った矢先のウッドの3pt。
そして、ルカのインバウンドパスからのディンの3ptで3点差へ。
ルカにばかり注目が行くが、この二人もちゃんと決め切って偉い。
特にウッドはOTで値千金のブロックを披露。
このブロックには最近のウッドの努力が全て詰まっているようで、熱いものを感じたよ...

マブスはこれで4連勝。
やっと最近、噛み合ってきた感じがするね。
キッドとかいう無能HCが開幕からウッドを使っていればもっと早く噛み合ってたかもしれないのに...
キッドは本当に早く解雇されてほしい...

明後日のHOU戦。年内最後の試合、勝って終わりたいな〜",2022-12-28T14:56:25.000000Z,2022-12-28T14:56:25.000000Z
40,1,2081,最高のバスケで2022年を締め括ったマブス,"なかなかに素晴らしい試合だった。
今日の勝利でマブスは5連勝。
強豪と呼べる強豪相手に5連勝というわけではない。
でも、勝てる相手に勝ち切るということができないマブスにとっては、大きな5連勝だった。

ルカは相変わらず化け物。
今日は30超えのTDだったが、正直ここまでくるとあまり驚かなくなってきた。完全に感覚が麻痺しているwww

ウッドも本当に素晴らしい。
スタメンになってからのウッドは、今までとまるで別人。
特にディフェンス面での成長は見違えるほど。
今日はクソ女審判のクソジャッジがなければ5BLKだったな。
オフェンスでも、あのクソみたいなシュートフェイクをしなくなってから、格段に良くなった。
ぜひウッドと延長契約してくれ。

THJとディンも良かったよ。
やっぱり、この二人はルカにコントロールされてこそ輝く。
ダムダムし出すとあまり良いことがない二人だけど、ルカの横に置いておくにはgoodなプレイヤー。

フランキーも良かったよ。スリーはもう少し決めてほしいけど、ロンドを彷彿とさせるような技ありレイアップがあった。

ライトも素晴らしかった。このエナジーはグリーン君と近いものがある。ハーディとフランキーは見習って。

ハーディも今日はあまり良いところがなかったね。
でも、これからだよ。
ディフェンス磨こう、判断力磨こう。頑張れ！！

キッドも若干改善しているように感じた（怪我人が多発していて、変わらざるを得ないのはあるが...）
ハーディを早い時間で使って、スタメンにフランキー起用して、選手交代のTOを早めにとって...
もうオフェンス構築に関しては全く期待してないから、できることを頑張ってくれ。

それにしても、良い形で今年を締めくくることができて良かった。",2022-12-30T07:12:56.000000Z,2022-12-30T07:12:56.000000Z
41,1,2095,怪物ルカドンチッチ51得点。ルカのおかげで勝てた。,"まあ、ルカがいないと勝てないのはいつものことなんだけど、今日に関してはルカ頼みすぎた。
今日の勝利でマブスは6連勝だけど、全部ルカ様のおかげだよ。
少し前のインタビューでポポがルカを50点に抑えることが目標と言って、今日のルカは51得点で1点差での勝利なので、未来予知かな？と思った。

前回の美しいラン&ガンバスケが嘘のような、従来の激オモハーフコートバスケを披露。
しかも、それだけじゃなくて毎回と言っていいほどリバウンドを取られていて、引くほどセカンドチャンスを献上してた。
今日みたいな日に限って謎の病気で欠場のマギー。
本当に使えないわ。

ネギもそろそろマジできついわ。
ディフェンスも最近微妙だし、ドフリーのスリーすら入らないのは本当に存在価値ないよ...
ディフェンスならフランキーの方がうまいし、フランキーはリムアタックも一応できるんだから、マジでネギは立場ないな。

THJも本当に今日は戦犯ムーブかましまくってた。
終盤のダムダムダンクミスとかマジで許されない。

でも、今日一番の戦犯は、我らが名将ジェイソンキッドHC。
まず起用法がクソすぎる。
本当に解雇されてほしい。
まずフランキーをもっと使えよ。どう考えてもネギよりも使えるだろ。ドードがいない今はフランキーがベストディフェンダーなんだから、もっと使え。
それに散々オフェンシブリバウンド献上しているのに、いつまでTHJとディンを起用してるんですか？
終盤、パウが交代で入ってきて、戦犯THJと交換するのかな？と思ったら、まさかのウッドw
今までパウとウッドの2bigはなんのために試してたんだよw
ガチでどうしようもない監督だわ。前回のロケッツ戦の後、期待していた俺がバカみたいだよ...
ルカ休ませてる時間帯も相変わらずアイソオフェンスしかやらないし、マジで無能だよ...

終盤、タイムアウトを取らないコーチ陣に対して、ルカがブチギレてたけど、ルカには「俺かキッドどちらかを選べ」ぐらい言って欲しい。",2023-01-01T06:41:00.000000Z,2023-01-01T06:41:00.000000Z
42,1,2109,あんまり印象に残ってない,"ルカが不調だったけど、FT貰いまくって結局40点近く獲得。
ウッドが終盤スリーとリムプロでbig play連発して、最後にディンがジョーダンを彷彿とさせるミドルで終了。",2023-01-06T15:48:51.000000Z,2023-01-06T15:48:51.000000Z
43,1,2130,大敗。だけどハーディのおかげで明るい雰囲気。,"スリーが全く入らず普通にボコボコにされた。
ルカも不調で、というか体のどこかを痛めてそう？？で全く相手にならず...

が、3Qの終盤にハーディが投入。そこから15分出場して15得点。
ハーディのドライブには本当に光ものがある。
ハーディの育成に全てを捧げるべき。
パウも本当に偉いよ。パウこそ真のベテラン。自分の役割を理解していて、泥臭くハッスルをしてくれる。最高。

それに比べて、THJ・ネギ・ベルタン・マギーは...
まずTHJ。本当にやばいよ、君。
スリーが入らないのは一旦置いておいて、ディフェンスローテのミスが多すぎる。
意味分からないセレクションにできもしないのにダムダムしてTOV。マジで最悪。

ネギはスリーが入らないだけじゃなくて、ディフェンスもお粗末になってるけどどうするの？
これじゃあ、2wayプレイヤーじゃなくて、no wayプレイヤーだよ...
本当にネギのミニッツを他の若手にあげてほしい。

ベルタンは帰れ。スリーが上手いってだけで16M貰ってる選手がドフリーのコーナースリーを外すってどういうことよ？

マギーもマジで帰れ。ガーベッジで誰がお前の1on1見たいんだよ？
自分の役割を理解しろよ。",2023-01-06T16:03:24.000000Z,2023-01-06T16:03:24.000000Z
44,1,2146,ハーディ覚醒。最高の試合。,"ケンバが解雇され（運営のクソムーブ）、出場機会が増えたハーディ。
今日は2Qから起用されたが大活躍。
圧倒的なセンスを感じるドライブ。本当に天才。
ハーブ相手に点をもぎ取れる選手が今のリーグに何人いるよ？
このルーキーを40試合以上ベンチに幽閉していたキッドは謝罪会見開け。
今から新人王は試合数的に難しいかもしれないけど、なんとかAllルーキーに入ってほしい。
次の試合からは30分近く起用してくれ。ハゲHC。

THJも今日ぐらいの活躍を定期的にしてほしい。無駄なドリブルつかなければまだ輝ける。

ルカは今日微妙だったな（とは言っても30点以上とってるが）。
謎のTOV多すぎだわ。最近酷使され過ぎてたからそろそろ休め。

マギーはいい活躍するじゃんと思った瞬間、クソドリブル突き出すの止めろクソが。

キッドはマジで解雇されてくれ。
途中でルカが腰を痛めて、その流れでディフェンスもやらずに点を取られて、ウッドと何か言い合っていて...
で、TOをなんで取らなかったんだ？
本当に寝てるのかな？マジでHC交代を求む。スウィーニーと交換でもいい。",2023-01-08T04:27:58.000000Z,2023-01-08T04:27:58.000000Z
45,1,2155,ルカなしだとリーグ最弱,"本当に弱かった。
特にTHJとディン。
この2人のダムダムのせいでオフェンスが壊れる。
ハーディきゅんが30分近く使われてたのはよかったね。
ケンバを解雇していなければなぁ...
サンダーにはウッドを守れるアジリティとサイズの選手がいなくて、予想通りウッドが無双してたのに、ウッドを扱えるPGがいなかったのがなぁ...
ディンはどう考えても1番の適正ないわ。誰かがコントロールしないとダメなタイプ。
キッドは早く解雇されてくれ。",2023-01-09T09:02:02.000000Z,2023-01-09T09:02:02.000000Z
46,1,2170,見る価値なし,"ルカが凄かっただけのクソ試合。
グリーン君早く戻ってきて。
あと、ベルタソはもうラトビアに帰れよ。",2023-01-14T00:16:59.000000Z,2023-01-14T00:16:59.000000Z
47,1,2183,クラッチルカ神とゴミ審判,"本当にルカ様様です。
2OTまでもつれ込んだ試合。3点ビハインドで絶体絶命の状況下、同点3を2回も決めた我らがエース。
ルカには頭が上がらないわ。
今日も脅威の53分出場という酷使っぷり。健康だけが心配。

ウッドも本当に素晴らしかったよ。
特に足を痛めているのにも関わらずブロックに飛び、見事とめたあのプレイには感動した。
シーズン開始前はウッドがこういう系統の選手になるとは思いもしなかった。
てか、キッドは選手が明らかに体を痛めているのに、TOを取ろうとしないのはなんなの？

ディンも良かったね。前半は正直ダメダメだったけど、クラッチが鬼強いのは本当に美徳だわ。
OTでの味方に勢いを付ける、ダンクには震えました。ありがとう。

良かったのはここまでで、THJ・ネギ・ベルタンはマジで反省しろ。
THJはさぁ...前半良かったのに、すぐに調子に乗ってゴミプレイ連発するんだもん...
いい活躍を1試合継続することはできないの？

ネギはそろそろスリーを決めてください。
正直、マジでしんどいです。
今日の試合もネギが一本でも多くスリーを決めていたら、って展開が何回あったよ？
尻上がりの選手とは言っても、もうシーズン後半戦。
いい加減に復調してくれ。

ベルタンはマジで論外。ラトビアに帰れ。
スリーが上手いってだけの理由で16Mも貰ってるのに、肝心のスリーが全く入らず、ディフェンスはもちろん空気。
挙句の果てに、ベンチからのテクニカルでFTを献上。何してん？

キッドは主力を酷使しすぎだわ。特にルカとディン。そろそろ壊れるぞ？
でも、ラスにタックルされて熱くなったルカを全力で止めに行ったのは偉かった。
ルカがいないと、リーグ最弱だもんな？
あと、この時にうっかりコートに入りそうになっているハーディきゅんと、全力で止めるマギーがめっちゃ可愛かったw

そして、クソ審判。
今日の試合は流石にやばかったぞ？正直、今日ほど酷い笛の試合は見たことがない。
本当クソ。",2023-01-14T14:16:01.000000Z,2023-01-14T14:16:01.000000Z
48,1,2200,ワンチャンおじさん、ジェイソンキッド。,"キッドはさっさとHC降りてくれ。
ウッドが欠場で勝ち筋が少ない試合で主力をあそこまで酷使する必要あったか？
ルカとか今日は明らかに動きが悪かったじゃん？？
20点差がついて、ほぼ負け確定の状況で4Q頭で出し続けた理由を説明してくれよ。

結局、THJも怪我しちゃったし、いい加減選手を酷使するのはやめてくれ。",2023-01-16T01:54:10.000000Z,2023-01-16T01:54:10.000000Z
49,1,2207,ハーディキャリアハイ25点,"試合内容としてはボロ負けのゴミ試合だけど、ハーディきゅんのおかげで最高の試合だった。
やっぱりハーディきゅんは2巡目で取れて良いような選手じゃない。
高校生の頃は世代TOP3選手って呼ばれてたけど、本当に今の実力はそれぐらいあると思う。
しかも、スリーがめっちゃ当たりまくっての25点とかではなくて、ドライブからも普通に点をもぎ取ってるのがすごい。
これをやれって言われて誰でもできるわけじゃないから、本当に天才なんだと思う。
数年後にはルカとハーディがリーグ最強のバックコートディオと呼ばれているでしょう。

余談も余談だけど、今日の試合でウッドが復帰するなら昨日の試合でルカを休ませて、今日の試合で出しておけば1勝はできたんじゃないの？",2023-01-16T13:51:03.000000Z,2023-01-16T13:51:03.000000Z
